transID,payUserID,typeCard,userName,userSex,userBirthYear,corridorID,corridorName,direction,payAmount,transDate,tapInHour,tapOutHour,routeName,routeID,bankID,duration
PGEG313Z8Q13MI,3546745892021028,dki,Dinda Pratiwi,M,2006,JAK.37,Cililitan - Condet via Kayu Manis,berangkat,0,2023-04-18,1900-01-01 12:20:38,1900-01-01 13:48:16,Mushola As Salam Batu Ampar-PGC Dalam,A1,B001,01:27:38
GUUM610Y4K57MG,2260346863403083,dki,"Sabri Marbun, S.T.",F,1965,11Q,Kampung Melayu - Pulo Gebang via BKT,berangkat,3500,2023-04-22,1900-01-01 17:01:46,1900-01-01 17:21:07,Taman Buaran Indah-Walikota Jakarta Timur,A2,B001,00:19:21
OTEG189R6L24CQ,2246744141931579,dki,Mahdi Wibisono,F,1991,JAK.22,Dwikora - Penas Kalimalang,arah balik,0,2023-04-19,1900-01-01 09:56:23,1900-01-01 11:07:59,Ps. Mini Halim-Cawang Soetoyo 1,A3,B001,01:11:36
LCIJ138M3Y62NV,2.25E+20,dki,Tirta Siregar,F,1993,1T,Cibubur - Balai Kota,berangkat,20000,2023-04-18,1900-01-01 16:36:02,1900-01-01 17:43:14,Dukuh Atas 3-Plaza Sentral,A4,B001,01:07:12
LHGN854O8H44FT,4484508142147221,dki,Abyasa Haryanti,M,1948,JAK.07,Tanah Abang - Grogol via Tawakal,berangkat,0,2023-04-18,1900-01-01 18:07:29,1900-01-01 19:21:13,Ps. Gantung-Simpang Semangka I,A5,B001,01:13:44
ZIPG538Y7X13KT,4357457456440,online,Legawa Wulandari,M,2010,D32,Cinere - Bundaran Senayan,berangkat,20000,2023-04-28,1900-01-01 09:01:28,1900-01-01 10:48:54,SPBU Limo Cinere 1-South City Cinere,A6,B002,01:47:26
AVHH193B2M31RI,6011822091986589,dki,"Yosef Novitasari, M.M.",F,1984,1P,Senen - Blok M,arah balik,3500,2023-04-17,1900-01-01 21:56:27,1900-01-01 23:48:30,Bundaran Senayan 1-Taman Patimura,A7,B001,01:52:03
QMPR047I4K88SY,378553815963022,emoney,Drs. Salimah Hidayanto,M,1970,JAK.64,Lenteng Agung - Aseli,berangkat,0,2023-04-14,1900-01-01 19:39:50,1900-01-01 20:49:03,Sbr. Sekolah Avicenna Jagakarsa-Sbr. Masjid Jami Asy Syakirin,A8,B003,01:09:13
TIWB024F4I43OZ,3587337956647904,dki,Eka Hidayat,M,1988,JAK.117,Tanjung Priok - Tanah Merdeka,arah balik,0,2023-04-18,1900-01-01 20:04:50,1900-01-01 21:34:16,Sbr. Masjid Ar Rohmah-Waduk Rawabadak,A9,B001,01:29:26
GRNS539K5C87YN,4484508142147221,dki,Abyasa Haryanti,M,1948,JAK.07,Tanah Abang - Grogol via Tawakal,arah balik,0,2023-04-17,1900-01-01 09:26:47,1900-01-01 10:01:38,Jln. Tali Kota Bambu Selatan-Pospol Tomang 2,A10,B001,00:34:51
PUTF883B3X42LU,346754681244542,emoney,Maryadi Haryanto,M,1968,JAK.03,Lebak Bulus - Andara,berangkat,0,2023-04-27,1900-01-01 18:22:06,1900-01-01 19:19:08,Simpang Adiaksa-Jln. Adiaksa II,A11,B003,00:57:02
WUUO818Q7J19LN,4946777822784,online,Wirda Yuliarti,M,1990,5,Matraman Baru - Ancol,arah balik,3500,2023-04-25,1900-01-01 06:36:23,1900-01-01 07:00:00,Slamet Riyadi-Budi Utomo,A12,B002,00:23:37
RDYL461X9L18YL,213105335345336,emoney,Gangsa Dabukke,M,1991,JAK.53,Grogol - Pos Pengumben via Slipi,arah balik,0,2023-04-16,1900-01-01 10:07:59,1900-01-01 11:47:48,Jln. Pemancingan Srengseng-Jln. Inspeksi Kali Pesanggrahan Barat,A13,B003,01:39:49
XHHU396N3P67FO,5253907658951545,dki,"Farah Hardiansyah, M.M.",F,2010,13D,Puri Beta - Ragunan,berangkat,3500,2023-04-05,1900-01-01 09:46:42,1900-01-01 11:38:52,Velbak-Seskoal,A14,B001,01:52:10
NZOK285R1D76KP,377951303236425,emoney,Keisha Prayoga,F,1982,JAK.20,Cawang UKI - Lubang Buaya,berangkat,0,2023-04-28,1900-01-01 17:58:25,1900-01-01 19:31:30,Jln. Gorda-TK Angkasa 5,A15,B003,01:33:05
KJHE433Z7N26IG,213198175349153,emoney,Dt. Cakrajiya Mardhiyah,F,1992,10A,Rusun Marunda - Tanjung Priok,berangkat,0,2023-04-12,1900-01-01 21:28:30,1900-01-01 23:13:04,STIP-Rusun Marunda 2,A16,B003,01:44:34
XOJL372J9G70XZ,30393449116998,bni,Ellis Pradipta,F,1987,JAK.02,Kampung Melayu - Duren Sawit,arah balik,0,2023-04-17,1900-01-01 07:48:52,1900-01-01 08:13:40,Simpang Pondok Bambu Batas 1-Simpang BKT,A17,B004,00:24:48
JRBZ585T9C47WL,213193665773269,emoney,Balidin Pradana,F,2003,2B,Harapan Indah - ASMI,berangkat,3500,2023-04-24,1900-01-01 09:08:45,1900-01-01 10:13:27,Lion Metal 2-KPP Pratama Cakung 2,A18,B003,01:04:42
XCNF457U8U53DN,180008292897068,emoney,Garan Pertiwi,F,1986,M13,Puri Beta 2 - Tendean,arah balik,3500,2023-04-10,1900-01-01 19:54:44,1900-01-01 21:09:09,Puri Beta 2-Rawa Barat,A19,B003,01:14:25
BTLF258U0F98ZZ,4729302648273942756,brizzi,Unjani Usamah,F,2003,M12,Sunter Boulevard Barat - Penjaringan,arah balik,3500,2023-04-06,1900-01-01 05:26:10,1900-01-01 06:22:04,Mangga Dua-Bandengan Selatan,A20,B005,00:55:54
EPIY533Y1A48HL,587887634588,flazz,Drs. Harjo Nurdiyanti,M,1986,14,Jakarta International Stadium - Senen,berangkat,3500,2023-04-27,1900-01-01 17:26:40,1900-01-01 19:07:39,Polres Metro Jakpus-Sunter Muara 1,A21,B006,01:40:59
DJJU428U6D72XW,5306981792743198,dki,Sakti Puspita,F,1988,11C,Rusun Pinus Elok - Rusun Pulo Gebang,berangkat,0,2023-04-08,1900-01-01 16:18:59,1900-01-01 17:58:03,Walikota Jakarta Timur 2-Penggilingan 1,A22,B001,01:39:04
LHPH351S5K99VX,3565528607360162,dki,"Endra Lestari, S.Psi",F,2004,4C,TU Gas - Bundaran Senayan,arah balik,3500,2023-04-12,1900-01-01 07:02:52,1900-01-01 09:00:14,Jln. Penataran-Gedung Wanita,A23,B001,01:57:22
MXIM578L6Z75ZH,346939661435562,emoney,Margana Pradana,F,1986,B13,Bekasi Barat - Blok M,arah balik,20000,2023-04-04,1900-01-01 06:01:35,1900-01-01 07:04:01,Bekasi Barat-St. MRT Asean 1,A24,B003,01:02:26
XRIX184B3I66SV,30243692336233,bni,Prayogo Mandala,M,1988,2B,Harapan Indah - ASMI,berangkat,3500,2023-04-27,1900-01-01 20:02:05,1900-01-01 21:35:55,KPP Pratama Cakung 2-Sbr. Ps. Ujung Menteng,A25,B004,01:33:50
WHXK783B9B02RM,30011083993544,bni,Nilam Mayasari,F,2005,6B,Ragunan - MH Thamrin via Semanggi,arah balik,3500,2023-04-18,1900-01-01 20:16:02,1900-01-01 22:15:06,Pejaten-Dukuh Atas,A26,B004,01:59:04
WVHH147S4C08JA,4525384867508914538,brizzi,Gamani Wibisono,M,1978,JAK.88,Terminal Tanjung Priok - Ancol Barat,arah balik,0,2023-04-28,1900-01-01 07:25:17,1900-01-01 08:38:18,Sekolah Yanindo Jakarta-KPP Pratama Jakarta Pluit,A27,B005,01:13:01
GRGG317U3P17NF,213121182081593,emoney,"dr. Rahman Anggraini, S.Psi",F,2007,1K,Cibubur Junction - Blok M,arah balik,20000,2023-04-14,1900-01-01 06:31:34,1900-01-01 08:18:02,Summitmas-Blok M Jalur 4,A28,B003,01:46:28
RSCC687Z0E65YK,4736304277327671,dki,Ilsa Kurniawan,F,2008,T11,Poris Plawad - Bundaran Senayan,arah balik,3500,2023-04-14,1900-01-01 13:48:56,1900-01-01 15:41:46,Pengayoman-Masjid Baiturrahman 1,A29,B001,01:52:50
RIBW790N4G26AF,676283044227,flazz,Keisha Handayani,M,1984,6P,Cibubur - Kuningan,berangkat,20000,2023-04-12,1900-01-01 09:11:38,1900-01-01 09:45:30,Tempo Scan-Rest Area TMII,A30,B006,00:33:52
WKJY719I0Y47KF,4492109252403353,dki,Bakiman Mahendra,M,1983,JAK.24,Senen - Pulo Gadung via Kelapa Gading,arah balik,0,2023-04-13,1900-01-01 20:07:19,1900-01-01 21:20:01,Simpang Gunung Sahari III-Term. Senen,A31,B001,01:12:42
OLPS640K9J23RH,5134532253940704,dki,Suci Wacana,M,1985,12A,Pelabuhan Kaliadem - Kota,berangkat,3500,2023-04-14,1900-01-01 05:17:06,1900-01-01 05:51:37,SMAK Penabur Enam 2-Pelabuhan Kali Adem,A32,B001,00:34:31
TJHW280K6W00KM,4873567085628236731,brizzi,R.A. Ghaliyati Susanti,M,1997,B14,Bekasi Barat - Kuningan,berangkat,20000,2023-04-13,1900-01-01 21:19:26,1900-01-01 22:33:00,Cipta Rasuna Said-RS Mitra Keluarga 2,A33,B005,01:13:34
NGMX535W3X73PG,6544828689784746,dki,Ina Sudiati,M,1981,3A,Rusun Pesakih - Kalideres,berangkat,0,2023-04-10,1900-01-01 06:56:39,1900-01-01 08:10:47,Pertamina Kalideres Daan Mogot-Pesakih 1,A34,B001,01:14:08
QEUA694R2C30VQ,4708295371136584,dki,Vega Putra,F,2000,2P,Gondangdia - Senen,berangkat,3500,2023-04-12,1900-01-01 08:20:00,1900-01-01 09:43:19,Atrium 1-Theresia,A35,B001,01:23:19
OCQD855A5U02RA,575273480229,flazz,Harimurti Purnawati,F,1996,9A,PGC 2 - Grogol 2,arah balik,3500,2023-04-17,1900-01-01 09:03:15,1900-01-01 10:55:12,Pancoran Tugu Arah Barat-RS Harapan Kita Arah Utara,A36,B006,01:51:57
QPAQ256I0Q29LC,3.57E+20,dki,"dr. Sakura Budiman, S.IP",M,1972,3C,Rusun Kapuk Muara - Penjaringan,arah balik,0,2023-04-28,1900-01-01 17:22:31,1900-01-01 18:18:23,Rusun Kapuk Muara-Penjaringan,A37,B001,00:55:52
URNF258E3Y34FG,3571912617977029,dki,Sidiq Suryatmi,F,1988,6H,Senen - Lebak Bulus,arah balik,3500,2023-04-25,1900-01-01 06:38:48,1900-01-01 07:33:44,Ampera 2-Lebak Bulus,A38,B001,00:54:56
ROKU276V0I32DI,2296212953530805,dki,"Gamanto Maheswara, S.H.",F,1974,JAK.42,Kampung Melayu - Pondok Kelapa,arah balik,0,2023-04-19,1900-01-01 16:18:18,1900-01-01 17:17:10,Ps. Enjo 2-Komplek Wijaya Kusuma 1,A39,B001,00:58:52
RIQY181Y9J93FG,6011024970416149,dki,"Nadia Saragih, S.I.Kom",F,2002,JAK.18,Kalibata - Kuningan,arah balik,0,2023-04-13,1900-01-01 07:56:49,1900-01-01 09:38:28,Pengadegan Barat VI-Wisma Laena Tebet,A40,B001,01:41:39
FPVJ857V5Y39QS,2245530208975489,dki,"Kawaca Narpati, S.Farm",F,2010,M2,Pulo Gadung - Monas,arah balik,3500,2023-04-13,1900-01-01 09:09:16,1900-01-01 10:30:18,Rawa Selatan-Galur,A41,B001,01:21:02
ARNX183X0A49ZU,3554107048543687,dki,Mutia Halimah,M,1976,13D,Puri Beta - Ragunan,berangkat,3500,2023-04-28,1900-01-01 17:10:33,1900-01-01 18:56:28,Pejaten-Mayestik,A42,B001,01:45:55
JLMB389L1S25EU,4661843359109266,dki,Galih Budiyanto,F,2005,8A,Jelambar - Juanda,arah balik,3500,2023-04-10,1900-01-01 09:59:27,1900-01-01 11:49:22,Petojo-Pecenongan,A43,B001,01:49:55
AKWW655V1Z09YC,3502967899324468,dki,Ivan Riyanti,M,1965,6Q,Dukuh Atas - Casablanca via Epicentrum Raya,berangkat,3500,2023-04-13,1900-01-01 15:27:03,1900-01-01 17:22:02,Sbr. Puskesmas Setiabudi-Halimun 1,A44,B001,01:54:59
KQWH520S1Q04YW,180096606431591,emoney,KH. Laksana Kuswandari,F,1993,14,Jakarta International Stadium - Senen,berangkat,3500,2023-04-16,1900-01-01 05:39:15,1900-01-01 06:09:04,Sunter Muara 1-JIS,A45,B003,00:29:49
OMPF006U9P63DN,374659960840503,emoney,Luhung Permadi,F,2005,6D,Stasiun Tebet - Karet via Underpass,arah balik,3500,2023-04-26,1900-01-01 17:42:04,1900-01-01 18:56:57,Sahid Sudirman Center-Karet Pedurenan 2,A46,B003,01:14:53
HCPY590G3D18XW,60403675436,flazz,Dr. Taufan Jailani,F,1989,D11,Depok - BKN,berangkat,3500,2023-04-06,1900-01-01 06:34:22,1900-01-01 07:51:55,Balaikota Depok 2-Term. Depok Baru,A47,B006,01:17:33
BXPT259D1F40SI,3587354599889728,dki,Embuh Saragih,F,2000,8D,Joglo - Blok M,berangkat,3500,2023-04-04,1900-01-01 18:08:39,1900-01-01 19:24:06,Puskesmas Kel. Gunung-Mayestik 2,A48,B001,01:15:27
QFCZ422T7M16YP,2718070346782735,dki,Asman Uyainah,F,2005,2,Pulo Gadung - Monas,berangkat,3500,2023-04-17,1900-01-01 17:16:48,1900-01-01 18:40:11,Bermis-Pulo Gadung 1,A49,B001,01:23:23
KNDJ215P1N52UC,4148347241602606,dki,Luhung Aryani,M,2005,JAK.42,Kampung Melayu - Pondok Kelapa,berangkat,0,2023-04-17,1900-01-01 17:58:20,1900-01-01 19:19:30,RS Duren Sawit-Sbr. Klinik Win Medika,A50,B001,01:21:10
MLJG184K3S43PV,503815656676,flazz,Dadi Halim,F,1996,JAK.115,Term. Tj. Priok - Pegangsaan II IGI,arah balik,0,2023-04-08,1900-01-01 20:02:44,1900-01-01 20:50:00,Sbr. Jln. Komplek Yuka-SPBU Tugu Selatan,A51,B006,00:47:16
CDFV436Z0G42NG,344819183333911,emoney,Wahyu Wibisono,F,1985,10K,Tanjung Priok - Senen via Taman BMW,berangkat,3500,2023-04-19,1900-01-01 17:48:17,1900-01-01 18:39:17,Simpang Danau Sunter Utara Barat-Sbr. Sekolah Yanindo Jakarta,A52,B003,00:51:00
ZAVR201N4H66OD,180044335370375,emoney,Leo Wastuti,M,2007,JAK.113,Rusun Sindang Koja - Kp. Sawah,berangkat,0,2023-04-07,1900-01-01 21:28:01,1900-01-01 23:05:13,BPJS Ketenagakerjaan Marunda-RSUD Koja,A53,B003,01:37:12
ZORY812P3I83RF,6594531889548841,dki,T. Raden Kuswandari,M,1948,JAK.42,Kampung Melayu - Pondok Kelapa,arah balik,0,2023-04-05,1900-01-01 21:46:41,1900-01-01 22:39:49,Sbr. Komplek Pacul Mas-Univ. Darma Persada 2,A54,B001,00:53:08
SMPE001H2Y42BZ,180064464472990,emoney,Hj. Ana Laksita,F,1990,6H,Senen - Lebak Bulus,berangkat,3500,2023-04-21,1900-01-01 06:52:49,1900-01-01 08:14:29,Pondok Pinang-Telkom Grapari,A55,B003,01:21:40
EYRV194Y4I65QC,3535679723903364,dki,"Dr. Gamanto Winarsih, S.Ked",F,1991,JAK.84,Terminal Kampung Melayu - Kapin Raya,berangkat,0,2023-04-19,1900-01-01 16:37:53,1900-01-01 18:10:28,Univ. Borobudur 2-Awab Dalam,A56,B001,01:32:35
CQBO388A0J85HO,180074978149455,emoney,"R.A. Vivi Utama, S.T.",M,1969,4B,Stasiun Manggarai - UI,arah balik,3500,2023-04-11,1900-01-01 21:09:08,1900-01-01 22:01:26,Poltek Bunda Kandung-St. Lenteng Agung 1,A57,B003,00:52:18
PSXP583D2O91CD,180000876162530,emoney,"Ir. Yani Sihombing, S.H.",M,1973,12P,St. LRT Pegangsaan Dua - JIS,berangkat,3500,2023-04-24,1900-01-01 05:40:03,1900-01-01 06:17:26,Villa Bukit Gading-Puskesmas Kelapa Gading,A58,B003,00:37:23
UOVU693R6R21US,379764016867073,emoney,Saka Sihombing,F,1969,JAK.71,Kampung Rambutan - Pinang Ranti,arah balik,0,2023-04-12,1900-01-01 05:10:38,1900-01-01 05:45:17,SDN Dukuh 01-Sbr. Polsek Makasar,A59,B003,00:34:39
HAPJ253D5L09AA,213182881743974,emoney,Putri Nashiruddin,M,1995,1T,Cibubur - Balai Kota,arah balik,20000,2023-04-06,1900-01-01 20:34:39,1900-01-01 22:01:14,Cibubur Junction-MH Thamrin 2,A60,B003,01:26:35
RSGT718M8R38LI,3575787320226609,dki,"KH. Argono Nashiruddin, S.Gz",M,1988,11N,Rusun Cipinang Muara - Jatinegara,berangkat,0,2023-04-18,1900-01-01 17:17:26,1900-01-01 18:08:26,Ps. Enjo 2-Sbr. Jln. Cipinang Jaya,A61,B001,00:51:00
EHRN225N0P38JS,30218688993296,bni,"dr. Aisyah Kusumo, M.Ak",F,1993,S21,Ciputat - CSW,arah balik,3500,2023-04-11,1900-01-01 06:25:47,1900-01-01 08:21:20,Metro Pondok Indah-Antena II,A62,B004,01:55:33
FEFH445I4O56XA,30164080918459,bni,Daliono Adriansyah,F,2012,12,Tanjung Priok - Pluit,arah balik,3500,2023-04-18,1900-01-01 05:03:20,1900-01-01 05:55:10,Mangga Dua-Kali Besar Barat,A63,B004,00:51:50
SLLL793N7F96BE,630487347266,flazz,"drg. Dinda Prastuti, S.Sos",M,1964,JAK.18,Kalibata - Kuningan,arah balik,0,2023-04-15,1900-01-01 13:45:20,1900-01-01 14:50:51,Jln. Barkah III Manggarai Selatan-Soepomo,A64,B006,01:05:31
GZXD208L4J53SO,3570422408611549,dki,"Jati Nainggolan, M.TI.",F,1987,8C,Kebayoran Lama - Tanah Abang,berangkat,3500,2023-04-11,1900-01-01 05:25:42,1900-01-01 06:08:05,Jak Lingko Tanah Abang-Jln. Taman Jatibaru Timur,A65,B001,00:42:23
JDAC377L2F81UN,3521870832057616,dki,Vino Mayasari,M,2007,D11,Depok - BKN,berangkat,3500,2023-04-15,1900-01-01 16:40:43,1900-01-01 17:43:08,ACE Hardware-Term. Depok Baru,A66,B001,01:02:25
OOFD700Z1L30HH,4437250881603997453,brizzi,Mala Salahudin,F,1983,JAK.86,Term. Rawamangun - Term. Manggarai,berangkat,0,2023-04-03,1900-01-01 18:03:25,1900-01-01 19:23:13,Bank BRI Kayu Manis-Jln. Rawamangun Selatan 2,A67,B005,01:19:48
TGPR417D4C14XX,3521790276677051,dki,"H. Darmana Safitri, M.M.",M,1984,JAK.39,Kalimalang - Duren Sawit,arah balik,0,2023-04-03,1900-01-01 06:59:18,1900-01-01 08:57:59,SMPN 252-Klapa Village Pondok Kelapa,A68,B001,01:58:41
CXHJ967E9A67HW,4704902042632297,dki,"R. Nadine Prasetya, M.M.",F,1994,JAK.27,Pulo Gebang - Rorotan,arah balik,0,2023-04-07,1900-01-01 19:41:15,1900-01-01 21:01:14,Pintu Exit Term. Pulo Gebang-Sbr. Tambun Utara,A69,B001,01:19:59
MMSN895K9C69GN,4719371541269014,dki,Nasab Megantara,F,1997,3A,Rusun Pesakih - Kalideres,arah balik,0,2023-04-12,1900-01-01 16:22:35,1900-01-01 18:05:51,Rusun Pesakih-Kalideres 1,A70,B001,01:43:16
UWHW175V4X43QY,4066577839605,online,Asmadi Agustina,F,1983,JAK.27,Pulo Gebang - Rorotan,berangkat,0,2023-04-11,1900-01-01 19:46:45,1900-01-01 21:14:18,Jln. Pulau Sangiyang Lingkar Timur-Sentra Timur,A71,B002,01:27:33
HTCL751C6G17VZ,2635487652896273,dki,Balangga Narpati,F,2003,JAK.42,Kampung Melayu - Pondok Kelapa,berangkat,0,2023-04-03,1900-01-01 19:15:37,1900-01-01 20:53:53,Sbr. Ps. Deprok-Jln. Bekasi Timur I Jatinegara,A72,B001,01:38:16
NQLR689X5D28AC,6.54E+19,dki,Bakti Yuliarti,M,1998,5,Matraman Baru - Ancol,arah balik,3500,2023-04-24,1900-01-01 07:14:15,1900-01-01 09:10:50,Pademangan-Ancol,A73,B001,01:56:35
SIAZ498W5X42NY,213189948673904,emoney,Fathonah Anggraini,M,2006,6M,Stasiun Manggarai - Blok M,arah balik,3500,2023-04-20,1900-01-01 06:51:11,1900-01-01 07:39:48,Patra Kuningan-Gatot Subroto Jamsostek Arah Barat,A74,B003,00:48:37
SIHZ643S3V71QW,3583083290821821,dki,Estiono Rajasa,F,2003,BW9,Monas - Pantai Indah Kapuk,berangkat,0,2023-04-20,1900-01-01 17:08:29,1900-01-01 19:04:49,Monas 1-Monas 3,A75,B001,01:56:20
NCQR431M2X48ER,6011822091986589,dki,"Yosef Novitasari, M.M.",F,1984,1P,Senen - Blok M,berangkat,3500,2023-04-10,1900-01-01 07:47:21,1900-01-01 08:34:48,Plaza Indonesia-IRTI,A76,B001,00:47:27
HRHH858J5X02TU,4880377652769980677,brizzi,Drs. Betania Wahyuni,M,2010,JAK.120,JIS - Terminal Muara Angke,berangkat,0,2023-04-17,1900-01-01 17:48:36,1900-01-01 18:41:40,Jln. Industri I-BNN Jakarta Utara,A77,B005,00:53:04
TKVV697X8W71HA,374826778607941,emoney,Umay Nababan,F,1986,JAK.110A,Rusun Marunda - Terminal Terpadu Pulo Gebang,berangkat,0,2023-04-14,1900-01-01 06:07:51,1900-01-01 07:53:46,Malaka Jaya RW11 Rorotan-Ps. Malaka Rorotan,A78,B003,01:45:55
KMSC453O9P14DY,3592243227579699,dki,Ir. Murti Dabukke,F,2007,M9,Pinang Ranti - Pluit,berangkat,3500,2023-04-13,1900-01-01 20:35:43,1900-01-01 21:54:48,Slipi Petamburan Arah Utara-Pancoran Barat Arah Timur,A79,B001,01:19:05
UYYX850E4D24MG,3.57E+20,dki,Daliono Kurniawan,F,1986,B14,Bekasi Barat - Kuningan,arah balik,20000,2023-04-14,1900-01-01 21:55:49,1900-01-01 23:37:01,Kuningan Madya 2-Menara Duta,A80,B001,01:41:12
SCMK352C2B96VB,4664503638851963221,brizzi,Darman Puspasari,F,1996,JAK.118,Taman Waduk Papanggo - Kota Tua,arah balik,0,2023-04-17,1900-01-01 06:51:56,1900-01-01 07:13:46,Jln. Hidup Baru-Mangga Dua Square,A81,B005,00:21:50
HBNB344C9A87EB,4380875529452127,dki,Tirtayasa Sitorus,F,1988,JAK.06,Kampung Rambutan - Pondok Gede,berangkat,0,2023-04-12,1900-01-01 16:22:21,1900-01-01 17:41:03,Green Terrace-Museum Nasional VIsible Storage,A82,B001,01:18:42
PWII329D1Q52EG,6565479857225684,dki,Gina Salahudin,M,1967,JAK.38,Bulak Ringin - Kampung Rambutan,berangkat,0,2023-04-20,1900-01-01 05:23:10,1900-01-01 07:38:39,Man 2 Jakarta-Sekolah Bumi Husada Ciracas,A83,B001,02:15:29
UWTI253M8D78OE,6011651850954961,dki,Cut Malika Wastuti,M,1967,1,Blok M - Kota,arah balik,3500,2023-04-11,1900-01-01 19:11:37,1900-01-01 20:44:35,Sawah Besar Arah Utara-Olimo,A84,B001,01:32:58
YDWF215O4U71CK,3567825925804758,dki,Winda Habibi,M,2011,6T,Pasar Minggu - Velbak,berangkat,3500,2023-04-06,1900-01-01 08:33:31,1900-01-01 09:39:56,Jln. Pakubuwono VI-Sbr. SMK 57,A85,B001,01:06:25
HGBT094Z0D41OP,6011651850954961,dki,Cut Malika Wastuti,M,1967,1,Blok M - Kota,arah balik,3500,2023-04-25,1900-01-01 17:16:08,1900-01-01 18:39:12,Sawah Besar Arah Utara-Olimo,A84,B001,01:23:04
KMDM864C9X14HU,30146000910179,bni,Dina Pratiwi,M,1988,S11,BSD - Jelambar,arah balik,3500,2023-04-18,1900-01-01 07:38:08,1900-01-01 08:23:00,Gading Serpong 1-Tol Kb. Jeruk 2,A86,B004,00:44:52
GOCU596G8P57PM,2222447529017148,dki,Darijan Megantara,F,1998,R1A,Pantai Maju - Kota,berangkat,3500,2023-04-15,1900-01-01 11:05:06,1900-01-01 12:29:32,Stella Maris 2-Taman Resort Mediterania,A87,B001,01:24:26
LUPF902D3Z08YE,180076677620512,emoney,Shakila Siregar,M,1994,JAK.02,Kampung Melayu - Duren Sawit,arah balik,0,2023-04-26,1900-01-01 17:26:19,1900-01-01 18:53:40,Bidara Cina 1-Jln. Panti Asuhan,A88,B003,01:27:21
RQZS695G0H69WP,180050809468835,emoney,Latika Maheswara,M,1996,B21,Bekasi Timur - Cawang,berangkat,3500,2023-04-03,1900-01-01 07:16:07,1900-01-01 07:46:49,BTC 2-Terminal Bekasi,A89,B003,00:30:42
SGTE130R4K90CE,3559367200080515,dki,Cawisono Permadi,F,1987,6A,Ragunan - MH Thamrin via Kuningan,arah balik,3500,2023-04-25,1900-01-01 06:26:50,1900-01-01 07:23:58,Buncit Indah-Imigrasi,A90,B001,00:57:08
HYWX132U0W61AB,6011317469180253,dki,Ulya Suartini,F,1981,1T,Cibubur - Balai Kota,berangkat,20000,2023-04-25,1900-01-01 18:17:32,1900-01-01 19:37:18,Bank Indonesia 1-Wisma Nusantara,A91,B001,01:19:46
CMSN093Y3P69KG,4551895931872012,dki,R. Balapati Usada,M,1982,11Q,Kampung Melayu - Pulo Gebang via BKT,berangkat,3500,2023-04-28,1900-01-01 21:01:14,1900-01-01 22:20:04,Komplek Wijaya Kusuma 1-Dinas Kebersihan Duren Sawit,A92,B001,01:18:50
RYTB734S3U29UM,572544509597,flazz,drg. Kayun Safitri,M,1987,M3,Kalideres - Bundaran HI via Veteran,berangkat,3500,2023-04-10,1900-01-01 06:52:22,1900-01-01 07:48:09,Rawa Buaya-Dispenda Samsat Barat,A93,B006,00:55:47
CJKR477H6K02SB,3592243227579699,dki,Ir. Murti Dabukke,F,2007,M9,Pinang Ranti - Pluit,berangkat,3500,2023-04-14,1900-01-01 18:35:22,1900-01-01 20:32:46,Slipi Petamburan Arah Utara-Pancoran Barat Arah Timur,A79,B001,01:57:24
CMFA996P5J03GA,4345294247705168,dki,"Dasa Hastuti, S.Psi",M,1984,JAK.115,Term. Tj. Priok - Pegangsaan II IGI,berangkat,0,2023-04-18,1900-01-01 05:26:47,1900-01-01 05:52:14,Jln. Elpa Putih II-Term. Tj. Priok 1,A94,B001,00:25:27
RPWJ867R1S43ZI,4060341720248400161,brizzi,"Winda Winarno, S.Pd",M,1946,10K,Tanjung Priok - Senen via Taman BMW,berangkat,3500,2023-04-12,1900-01-01 19:23:53,1900-01-01 21:04:37,Jln. Bungur Besar VI-Masjid Jami Al Badariah Kemayoran,A95,B005,01:40:44
DDUM692N9A46XI,6011309044185857,dki,"drg. Martaka Situmorang, S.Sos",M,1992,9C,Pinang Ranti - Bundaran Senayan,berangkat,3500,2023-04-04,1900-01-01 19:10:52,1900-01-01 20:55:09,Garuda Taman Mini-Pinang Ranti,A96,B001,01:44:17
WDFC711X9B23UV,180097982588566,emoney,"Kamaria Megantara, S.IP",M,1997,9H,Blok M - Universitas Indonesia,arah balik,3500,2023-04-18,1900-01-01 16:41:13,1900-01-01 17:37:35,Ps. Santa-Tirtayasa 1,A97,B003,00:56:22
HYSI354C7P55HD,4661843359109266,dki,Galih Budiyanto,F,2005,8A,Jelambar - Juanda,arah balik,3500,2023-04-19,1900-01-01 08:03:44,1900-01-01 09:00:42,Petojo-Pecenongan,A43,B001,00:56:58
EVYE073K1J57LP,2720484776954605,dki,Bancar Irawan,M,1999,3B,Rusun Flamboyan - Cengkareng,berangkat,0,2023-04-10,1900-01-01 16:37:56,1900-01-01 18:27:17,Puskesmas Cengkareng-Perumahan KFT 1,A98,B001,01:49:21
KTUI394N8P32FB,4997693930906134609,brizzi,"Cahyo Hutagalung, S.Pt",M,1989,JAK.06,Kampung Rambutan - Pondok Gede,arah balik,0,2023-04-19,1900-01-01 06:56:10,1900-01-01 07:53:18,Masjid Al Barokah 1-Sbr. Jln. Mini II,A99,B005,00:57:08
GUNG919R7I64JE,3.58E+20,dki,Titin Yolanda,M,1989,JAK.106,Terminal Kampung Melayu - Terminal Klender,berangkat,0,2023-04-19,1900-01-01 06:07:41,1900-01-01 07:44:44,Jln. Aneka Elok 2-Simpang Lingkar Duren Sawit,A100,B001,01:37:03
HCAD808P8M03KQ,4157264487056687746,brizzi,Baktiono Prakasa,F,1981,6U,Blok M - Pasar Minggu,berangkat,3500,2023-04-24,1900-01-01 16:43:59,1900-01-01 18:24:47,Wolter Monginsidi-Tirtayasa 1,A101,B005,01:40:48
LICK999C9H75JC,578253836568,flazz,Talia Prayoga,M,1985,S22,Ciputat - Kampung Rambutan,berangkat,3500,2023-04-05,1900-01-01 07:34:34,1900-01-01 08:52:17,Lebak Bulus-Jln. Sandratex 2,A102,B006,01:17:43
CWPE577R0R25FF,4798412351689028870,brizzi,Warsa Gunawan,F,1986,5B,Stasiun Tebet - BNN,berangkat,3500,2023-04-03,1900-01-01 16:32:54,1900-01-01 18:01:49,BNN LRT-St. Tebet 1,A103,B005,01:28:55
RGCP622L0Z64CZ,6570035474604116,dki,Hasta Anggriawan,F,2000,8K,Batusari - Grogol,berangkat,3500,2023-04-25,1900-01-01 05:46:41,1900-01-01 06:39:53,Ps. Kopro 2-Simpang Kemanggisan Ilir Raya,A104,B001,00:53:12
ZHFK233N3Y40DG,6570035474604116,dki,Hasta Anggriawan,F,2000,8K,Batusari - Grogol,berangkat,3500,2023-04-13,1900-01-01 05:10:39,1900-01-01 05:41:25,Ps. Kopro 2-Simpang Kemanggisan Ilir Raya,A104,B001,00:30:46
JOFL944L1F03OT,30427752176460,bni,Tari Hutagalung,M,2009,JAK.30,Grogol - Meruya via Roxy,arah balik,0,2023-04-07,1900-01-01 18:48:52,1900-01-01 20:45:08,Komplek Keuangan Saaba-Perumahan Mawar Joglo,A105,B004,01:56:16
VZSW154E6Y59LJ,3596612633477696,dki,drg. Prayogo Yuniar,M,1959,8C,Kebayoran Lama - Tanah Abang,berangkat,3500,2023-04-20,1900-01-01 08:54:55,1900-01-01 10:15:33,Tanah Abang 2-St. Karet,A106,B001,01:20:38
BUJP874B8C19RU,4.16E+19,dki,"R.A. Salwa Yuliarti, M.TI.",F,1969,1B,Stasiun Palmerah - Tosari,arah balik,3500,2023-04-19,1900-01-01 20:20:01,1900-01-01 22:06:52,Dukuh Atas-Tosari,A107,B001,01:46:51
TUXD134T3R73LR,4300964686794,online,Ir. Prakosa Maryadi,F,1994,10,Tanjung Priok - PGC 2,berangkat,3500,2023-04-15,1900-01-01 17:15:15,1900-01-01 18:42:06,Utan Kayu Rawamangun-Yos Sudarso Kodamar,A108,B002,01:26:51
YOIB397H8F39BY,3548624132054354,dki,"Drs. Aslijan Manullang, S.T.",F,2003,7,Kampung Rambutan - Bidara Cina,arah balik,3500,2023-04-09,1900-01-01 08:12:40,1900-01-01 09:01:32,BKN-Bidara Cina,A109,B001,00:48:52
XAAN400Q1H90UG,3528575651750075,dki,Najwa Situmorang,M,1996,JAK.43C,Sarana Jaya - Tebet Eco Park (TEP) - Stasiun Cawang,arah balik,0,2023-04-19,1900-01-01 19:05:21,1900-01-01 19:58:06,Tebet Eco Park Selatan 4-Jln. Tebet Timur Dalam VIII J,A110,B001,00:52:45
AIXT595T2G51EJ,4718616234301,online,"Salimah Gunarto, M.Pd",F,1968,B21,Bekasi Timur - Cawang,berangkat,3500,2023-04-16,1900-01-01 10:18:44,1900-01-01 11:45:50,GP Mall 2-BTC 2,A111,B002,01:27:06
GUIQ324H6K13QJ,578253836568,flazz,Talia Prayoga,M,1985,S22,Ciputat - Kampung Rambutan,arah balik,3500,2023-04-25,1900-01-01 18:49:48,1900-01-01 19:43:59,SMK Darussalam-RA Kartini,A112,B006,00:54:11
IRWD787M8K23IU,213108112882307,emoney,R.M. Rafi Puspita,M,1966,JAK.72,Kampung Rambutan - Pasar Rebo via Poncol,berangkat,0,2023-04-19,1900-01-01 17:45:33,1900-01-01 19:11:30,Masjid Jami Fathurrahman Ciracas-Kel. Ciracas,A113,B003,01:25:57
RYWF426Q1O28KO,213120748859641,emoney,Jelita Maryadi,M,1976,12B,Pluit - Senen,berangkat,3500,2023-04-21,1900-01-01 05:38:36,1900-01-01 06:17:05,Aston Pluit 2-Ps. Muara Karang,A114,B003,00:38:29
LEWA121Q2L73RH,6011319634394124,dki,Ira Andriani,M,2004,JAK.113,Rusun Sindang Koja - Kp. Sawah,arah balik,0,2023-04-25,1900-01-01 08:10:52,1900-01-01 09:22:26,Kec. Cilincing-Puskesmas Cilincing,A115,B001,01:11:34
EYSX682S5X38UT,4907208153127941689,brizzi,Cemeti Padmasari,F,1993,7C,Cibubur - BKN,arah balik,3500,2023-04-26,1900-01-01 16:32:02,1900-01-01 17:53:40,Cibubur Junction-BKN,A116,B005,01:21:38
LURB622B6Z97HO,4279203692817167963,brizzi,Oskar Mangunsong,F,1995,8,Lebak Bulus - Pasar Baru via Tomang,berangkat,3500,2023-04-18,1900-01-01 09:46:12,1900-01-01 11:41:50,Pondok Indah 1-Lebak Bulus,A117,B005,01:55:38
FNXJ014E2D83WH,4245292824652416,dki,Hesti Safitri,F,2001,JAK.44,Andara - Stasiun Universitas Pancasila,berangkat,0,2023-04-18,1900-01-01 18:34:28,1900-01-01 19:36:31,Andara Margasatwa 4-Jln. H. Terin Pangkalan Jati,A118,B001,01:02:03
NQLT609L1X84JL,30566784196002,bni,"Ulva Habibi, S.Pt",F,1997,JAK.28,Kp. Rambutan - Taman Wiladatika,arah balik,0,2023-04-14,1900-01-01 17:20:01,1900-01-01 18:37:29,Komplek Perum Ad Cibubur-Sekolah Al Wahyu Cibubur,A119,B004,01:17:28
VEQH408Q4U55HK,213107448129250,emoney,"Umi Hariyah, S.E.I",F,1990,JAK.26,Rawamangun - Duren Sawit,arah balik,0,2023-04-30,1900-01-01 14:09:36,1900-01-01 15:18:32,Tanah Koja-Pool Hiba Utama 1,A120,B003,01:08:56
ZHWI964F2S24ZM,4331844486345,online,R.A. Malika Hasanah,F,2012,JAK.19,Pinang Ranti - Kampung Rambutan,berangkat,0,2023-04-21,1900-01-01 20:11:55,1900-01-01 21:24:24,Simpang Rukun 2-Jln. Tpa II,A121,B002,01:12:29
SGUV668Y9R99SQ,6510013988638519,dki,"Cagak Maheswara, S.Sos",F,1992,B14,Bekasi Barat - Kuningan,arah balik,20000,2023-04-19,1900-01-01 17:18:12,1900-01-01 18:26:43,Kemenkes 2-Setiabudi Utara 2,A122,B001,01:08:31
ZIWS621R8H46NV,30146000910179,bni,Dina Pratiwi,M,1988,S11,BSD - Jelambar,arah balik,3500,2023-04-25,1900-01-01 07:02:16,1900-01-01 07:42:30,Gading Serpong 1-Tol Kb. Jeruk 2,A86,B004,00:40:14
WZFH925K5M40GF,676208293602,flazz,Cahyono Permata,F,2004,JAK.24,Senen - Pulo Gadung via Kelapa Gading,berangkat,0,2023-04-15,1900-01-01 20:29:31,1900-01-01 21:00:37,Sunter Kelapa Gading 2-Jln. Gading Raya,A123,B006,00:31:06
XCPJ244F5N88UW,3580401035990896,dki,"T. Dadap Pradana, M.Ak",M,2004,1Q,Rempoa - Blok M,berangkat,3500,2023-04-18,1900-01-01 16:50:55,1900-01-01 18:19:15,Taman Puring 2-Jln. IKPN Bintaro,A124,B001,01:28:20
WDUN398R5L80QO,4986663118222525457,brizzi,Yahya Narpati,F,2010,JAK.39,Kalimalang - Duren Sawit,berangkat,0,2023-04-20,1900-01-01 21:22:01,1900-01-01 23:19:18,Jln. Swadaya Raya-Simpang Serdang Swadaya Raya 2,A125,B005,01:57:17
PWWL862Q8M37BK,676274145736,flazz,Edi Lazuardi,M,1995,11B,Rusun Rawa Bebek - Penggilingan,berangkat,0,2023-04-10,1900-01-01 06:46:54,1900-01-01 07:17:25,Penggilingan 1-Rusun Rawa Bebek,A126,B006,00:30:31
ZPIU433R9L75WB,4678097992274,online,Restu Pudjiastuti,M,1980,11Q,Kampung Melayu - Pulo Gebang via BKT,arah balik,3500,2023-04-10,1900-01-01 06:59:47,1900-01-01 08:16:32,Flyover Radin Inten 1-Jln. Kel. Raya,A127,B002,01:16:45
YCZM121E3F78DA,4.38E+20,dki,Dr. Luwes Mandala,F,1988,JAK.38,Bulak Ringin - Kampung Rambutan,berangkat,0,2023-04-11,1900-01-01 06:17:08,1900-01-01 07:23:54,Mushola Al Muhajirin Cibubur-Jln. H. Ali Solihin Cibubur,A128,B001,01:06:46
TSBW181T5Z72UW,180008292897068,emoney,Garan Pertiwi,F,1986,M13,Puri Beta 2 - Tendean,berangkat,3500,2023-04-21,1900-01-01 06:50:42,1900-01-01 07:38:39,Mayestik-Swadarma,A129,B003,00:47:57
KYAX576A7M01IE,180078846718763,emoney,Rafid Pranowo,F,2004,6U,Blok M - Pasar Minggu,berangkat,3500,2023-04-19,1900-01-01 08:16:09,1900-01-01 08:37:56,Jln. Poncol Jaya 1-Ps. Santa,A130,B003,00:21:47
DGVC759K7P07KI,4219635643278197,dki,"drg. Bancar Wijayanti, S.Sos",F,1999,JIS3,Harmoni - Jakarta International Stadium,arah balik,3500,2023-04-25,1900-01-01 18:56:07,1900-01-01 20:06:11,Sbr. Jembatan Item-Kemayoran Landas Pacu Timur,A131,B001,01:10:04
XTKG055Q1A66BB,3506580241941339,dki,"drg. Karna Lestari, M.Kom.",M,2003,6C,Stasiun Tebet - Karet via Patra Kuningan,arah balik,3500,2023-04-12,1900-01-01 19:37:53,1900-01-01 21:10:21,Sbr. Manhattan Hotel-Karet Pedurenan 1,A132,B001,01:32:28
BASK648A0V01MT,180065411329605,emoney,"Dt. Murti Salahudin, S.T.",F,2008,JAK.64,Lenteng Agung - Aseli,arah balik,0,2023-04-17,1900-01-01 16:08:39,1900-01-01 18:07:57,Sbr. Polsek Jagakarsa-Simpang Warung Sila Rindang,A133,B003,01:59:18
EZKI282Z8A17FN,4958145744734359718,brizzi,dr. Balangga Zulkarnain,F,1989,JIS3,Harmoni - Jakarta International Stadium,berangkat,3500,2023-04-10,1900-01-01 20:50:25,1900-01-01 21:56:28,Harmoni Arah Utara-Sawah Besar Arah Selatan,A134,B005,01:06:03
ZHBD989A6D69QJ,4636055192881546,dki,Wulan Januar,M,1978,JAK.13,Tanah Abang - Jembatan Lima,berangkat,0,2023-04-26,1900-01-01 17:12:17,1900-01-01 18:43:23,Term. Bayangan Kota Intan-Simpang Pakin 2,A135,B001,01:31:06
BVLO076F9V22DM,344423213182214,emoney,dr. Gasti Budiyanto,M,1998,5C,PGC - Juanda,arah balik,3500,2023-04-06,1900-01-01 06:54:49,1900-01-01 07:37:42,Matraman 1-Kwitang,A136,B003,00:42:53
RMQV112R2S43TK,3548403375808853,dki,"Eli Palastri, S.Farm",M,1992,10H,Tanjung Priok - Blok M,arah balik,3500,2023-04-15,1900-01-01 17:52:45,1900-01-01 19:13:33,Tomang Mandala-Masjid Agung,A137,B001,01:20:48
KBCM192R2H38TN,6541451803309614,dki,Harsaya Rahayu,M,1998,2A,Pulo Gadung - Rawa Buaya via Balai Kota,berangkat,3500,2023-04-13,1900-01-01 06:24:26,1900-01-01 07:21:37,Taman Kota-Monas,A138,B001,00:57:11
PUYU378Z3N38AM,3587341902618993,dki,Darmanto Rajasa,F,1991,JAK.03,Lebak Bulus - Andara,berangkat,0,2023-04-18,1900-01-01 06:29:35,1900-01-01 07:10:15,SDN Pondok Labu 11-Jln. Baros,A139,B001,00:40:40
SDQZ301G8Y84UH,213191293100137,emoney,Darman Purwanti,M,1999,11Q,Kampung Melayu - Pulo Gebang via BKT,arah balik,3500,2023-04-18,1900-01-01 05:45:43,1900-01-01 06:11:25,Masjid Jami At Taqwa 2-SMAN 100,A140,B003,00:25:42
NGWE621M6N57UJ,3507946556271373,dki,Balijan Damanik,M,2003,B21,Bekasi Timur - Cawang,berangkat,3500,2023-04-14,1900-01-01 07:16:50,1900-01-01 08:09:58,BNN LRT-Bulak Kapal 2,A141,B001,00:53:08
YSFP683C2E54RA,589057391023,flazz,Vega Anggraini,F,1990,JAK.35,Pangkalan Jati - Rawamangun,berangkat,0,2023-04-27,1900-01-01 07:13:31,1900-01-01 07:38:26,SDN Jati 07-Komplek Wijaya Kusuma 1,A142,B006,00:24:55
LJJR447U6R12QA,3.56E+20,dki,"Danu Pradipta, S.Pd",M,1977,JAK.112,Terminal Tanah Merah - Pulo Gadung,arah balik,0,2023-04-13,1900-01-01 17:32:46,1900-01-01 18:55:34,Boulevard Janur Elok Raya 1-Simpang Seruling Musik Raya,A143,B001,01:22:48
EVUV421Y4C22FU,180064464472990,emoney,Hj. Ana Laksita,F,1990,6H,Senen - Lebak Bulus,arah balik,3500,2023-04-06,1900-01-01 21:34:22,1900-01-01 23:04:11,St. Cikini Barat-RSUD Pasar Minggu,A144,B003,01:29:49
LALW453G0L85FT,30029590639160,bni,Hj. Mala Permata,M,1982,3E,Puri Kembangan - Sentraland Cengkareng,berangkat,3500,2023-04-28,1900-01-01 09:07:20,1900-01-01 10:51:17,Komplek Ruko Interkota-Sbr. Mutiara Taman Palem 1,A145,B004,01:43:57
NYVB598S1Z06WW,6011206561670347,dki,Suci Hutagalung,F,1971,JAK.36,Cilangkap - Cililitan,arah balik,0,2023-04-13,1900-01-01 05:04:55,1900-01-01 05:26:44,Jln. Damai PBSI Cilangkap-RS Restu Kasih,A146,B001,00:21:49
SRYF816P0Z06UQ,213120748859641,emoney,Jelita Maryadi,M,1976,12B,Pluit - Senen,berangkat,3500,2023-04-18,1900-01-01 05:48:15,1900-01-01 06:12:25,Aston Pluit 2-Ps. Muara Karang,A114,B003,00:24:10
ZYUM245D7Y29WD,4874773937841002647,brizzi,"dr. Farah Yuliarti, M.Pd",F,1985,6C,Stasiun Tebet - Karet via Patra Kuningan,arah balik,3500,2023-04-14,1900-01-01 11:07:43,1900-01-01 11:45:45,Ariobimo Sentral-Sbr. Standard Chartered,A147,B005,00:38:02
BZZN339N0F03OV,6011831480860198,dki,"Drs. Among Wijaya, S.Pt",F,1978,JIS3,Harmoni - Jakarta International Stadium,arah balik,3500,2023-04-16,1900-01-01 20:11:16,1900-01-01 20:54:52,Sbr. Taman BMW-Sunter Muara,A148,B001,00:43:36
XGPM512U1S79HY,2407683922581481,dki,Irfan Damanik,M,1993,14,Jakarta International Stadium - Senen,berangkat,3500,2023-04-13,1900-01-01 05:25:30,1900-01-01 06:20:23,Jembatan Item-JIS,A149,B001,00:54:53
JTNB653N6U27XG,4294484188649274,dki,Gara Sitompul,F,1999,9D,Pasar Minggu - Tanah Abang,arah balik,3500,2023-04-28,1900-01-01 05:44:45,1900-01-01 06:13:33,Grand Pasar Minggu-Pasar Minggu,A150,B001,00:28:48
CUMX923B4K88KI,4885706111446864,dki,Drs. Lasmanto Wacana,F,1987,JAK.08,Roxy - Benhil,berangkat,0,2023-04-10,1900-01-01 21:27:49,1900-01-01 23:00:18,JPO Blok G-Sbr. Taman Tulang Bawang,A151,B001,01:32:29
QJEU137T0F67IL,60403675436,flazz,Dr. Taufan Jailani,F,1989,D11,Depok - BKN,arah balik,3500,2023-04-05,1900-01-01 18:51:24,1900-01-01 20:40:19,Sbr. Gg. Saminten-BKN,A152,B006,01:48:55
TGWZ205B8R51MA,4398802942684,online,Wisnu Mardhiyah,F,1983,12H,Rusun Penjaringan - Penjaringan,berangkat,3500,2023-04-05,1900-01-01 08:07:03,1900-01-01 09:23:41,Penjaringan-Rusun Penjaringan,A153,B002,01:16:38
RSEZ570N2N56SM,6563676663681545,dki,Mala Agustina,M,1961,9N,Pinang Ranti - Pramuka,arah balik,3500,2023-04-23,1900-01-01 20:26:25,1900-01-01 20:41:50,Garuda Taman Mini-BKN,A154,B001,00:15:25
QTKX681T5T72PW,375884069521593,emoney,Balamantri Safitri,M,1988,JAK.59,Rawamangun - Tanah Merah,berangkat,0,2023-04-16,1900-01-01 13:52:48,1900-01-01 14:22:49,Pulo Mas Residence-Sbr. SMAN 21,A155,B003,00:30:01
RAHX641Q5Q28ES,3569565201587911,dki,dr. Paris Rahayu,M,1968,10A,Rusun Marunda - Tanjung Priok,berangkat,0,2023-04-19,1900-01-01 17:20:42,1900-01-01 18:11:10,Tanjung Priok-Rusun Marunda,A156,B001,00:50:28
EGPF333V7S22CL,2259163638164343,dki,Gambira Sihombing,F,1976,JAK.112,Terminal Tanah Merah - Pulo Gadung,arah balik,0,2023-04-06,1900-01-01 07:05:35,1900-01-01 08:46:11,Jln. Kelapa Nias IV-Sbr. SDN Pegangsaan Dua 07,A157,B001,01:40:36
WAYK271B6Z83VP,4364139557273318765,brizzi,Harsaya Utama,F,2001,13D,Puri Beta - Ragunan,berangkat,3500,2023-04-07,1900-01-01 19:51:15,1900-01-01 20:54:11,Pejaten-Seskoal,A158,B005,01:02:56
DUUD656M6Q22FV,4203562511038947968,brizzi,drg. Tantri Situmorang,F,1983,12,Tanjung Priok - Pluit,arah balik,3500,2023-04-18,1900-01-01 17:56:24,1900-01-01 19:11:20,Penjaringan-Pluit,A159,B005,01:14:56
LBGU827F6N40XR,30276672399789,bni,"Teguh Wijaya, S.Pt",F,1981,5C,PGC - Juanda,arah balik,3500,2023-04-17,1900-01-01 05:33:08,1900-01-01 06:30:06,Tegalan-Pal Putih,A160,B004,00:56:58
YPAW149S9A38ZF,4181188603059045,dki,Eli Budiman,M,1977,11B,Rusun Rawa Bebek - Penggilingan,berangkat,0,2023-04-13,1900-01-01 07:56:16,1900-01-01 09:37:26,Walikota Jakarta Timur 1-Rusun Rawa Bebek,A161,B001,01:41:10
VKDS469Y7H74YR,213193665773269,emoney,Balidin Pradana,F,2003,2B,Harapan Indah - ASMI,berangkat,3500,2023-04-12,1900-01-01 07:25:38,1900-01-01 08:05:02,Lion Metal 2-KPP Pratama Cakung 2,A18,B003,00:39:24
IEZT965G3Q17HF,346348443002072,emoney,"R. Kamila Ramadan, S.Farm",F,1989,JAK.117,Tanjung Priok - Tanah Merdeka,berangkat,0,2023-04-21,1900-01-01 21:05:36,1900-01-01 22:26:15,Masjid Al Waqof-Jln. Muncang,A162,B003,01:20:39
LCKZ465M4H33ZV,2.25E+20,dki,"Nardi Natsir, S.I.Kom",M,2007,JAK.71,Kampung Rambutan - Pinang Ranti,berangkat,0,2023-04-20,1900-01-01 21:29:45,1900-01-01 22:56:11,Sbr. Jln. Man 2-Mutiara Pulo Dukuh,A163,B001,01:26:26
KELK681V6X75YZ,346348443002072,emoney,"R. Kamila Ramadan, S.Farm",F,1989,JAK.117,Tanjung Priok - Tanah Merdeka,berangkat,0,2023-04-24,1900-01-01 21:58:48,1900-01-01 23:55:18,Masjid Al Waqof-Jln. Muncang,A162,B003,01:56:30
CIUI912M2X61MW,4726554349155,online,R.A. Betania Maulana,F,1975,JAK.27,Pulo Gebang - Rorotan,berangkat,0,2023-04-27,1900-01-01 17:50:41,1900-01-01 18:44:52,Sbr. Masjid At Taqwa Karang Tengah-Jln. Rorotan IX Gg. IV,A164,B002,00:54:11
BYOF367C3A98PG,4909284437358495207,brizzi,Bakiman Budiman,F,1981,7Q,Blok M - PGC,berangkat,3500,2023-04-05,1900-01-01 06:31:16,1900-01-01 06:56:17,Jln. Poncol Jaya 1-PLN Pusat,A165,B005,00:25:01
SBJN303H4E82WG,4364139557273318765,brizzi,Harsaya Utama,F,2001,13D,Puri Beta - Ragunan,arah balik,3500,2023-04-10,1900-01-01 09:48:01,1900-01-01 10:17:56,Kebayoran Lama-Ragunan,A166,B005,00:29:55
JOGG970D3T54MW,4112330548313,online,"Drs. Gilda Sinaga, S.Psi",M,1994,JAK.43C,Sarana Jaya - Tebet Eco Park (TEP) - Stasiun Cawang,arah balik,0,2023-04-04,1900-01-01 16:04:26,1900-01-01 18:03:51,Jln.Tebet Barat V-Tebet Eco Park Selatan 4,A167,B002,01:59:25
PIIL112G9V90WV,4281107697609985,dki,Yessi Saputra,F,2002,JAK.60,Kelapa Gading - Rusun Kemayoran,berangkat,0,2023-04-17,1900-01-01 19:03:36,1900-01-01 19:57:56,Jln. Kelapa Hybrida IV-Pusat Pelayanan Warga Summarecon,A168,B001,00:54:20
ANUG795S9C78FQ,4576861140710803534,brizzi,"R. Saiful Riyanti, S.E.I",F,1990,JAK.72,Kampung Rambutan - Pasar Rebo via Poncol,arah balik,0,2023-04-15,1900-01-01 16:43:59,1900-01-01 17:54:47,Litbang Depnaker Jaktim-Sbr. Sekolah Islam PB Soedirman,A169,B005,01:10:48
JCCO565J1O88BX,4437250881603997453,brizzi,Mala Salahudin,F,1983,JAK.86,Term. Rawamangun - Term. Manggarai,arah balik,0,2023-04-26,1900-01-01 08:29:24,1900-01-01 09:52:26,Jln. Cipinang Timur Persahabatan-Flyover Jatinegara Atas,A170,B005,01:23:02
CUSA670G5W96XZ,377643054710555,emoney,Ulva Suryono,F,2000,1C,Pesanggrahan - Blok M,berangkat,3500,2023-04-24,1900-01-01 09:50:55,1900-01-01 11:50:15,Jln. Palatehan-SMPN 235,A171,B003,01:59:20
PFVH374Q0O06KI,2402313549139274,dki,Rahayu Prabowo,F,1994,10H,Tanjung Priok - Blok M,arah balik,3500,2023-04-06,1900-01-01 09:50:18,1900-01-01 10:48:32,Pademangan-Tomang Mandala,A172,B001,00:58:14
CPGQ962Q7Q57MU,3516594869567563,dki,"drg. Salwa Kusmawati, S.IP",F,2011,1A,Pantai Maju - Balai Kota,arah balik,3500,2023-04-26,1900-01-01 09:12:05,1900-01-01 10:54:05,Glodok-Monas,A173,B001,01:42:00
UNNP923G9Y20AB,4974804949914047,dki,Gangsar Siregar,M,1996,2A,Pulo Gadung - Rawa Buaya via Balai Kota,arah balik,3500,2023-04-12,1900-01-01 17:16:27,1900-01-01 19:03:52,Petojo-Jelambar,A174,B001,01:47:25
KUYB008P3V71GN,4852221634256,online,"Lanang Setiawan, S.I.Kom",F,1994,D21,Universitas Indonesia - Lebak Bulus,arah balik,3500,2023-04-07,1900-01-01 08:53:33,1900-01-01 09:24:49,Plaza Oleos-Ampera 2,A175,B002,00:31:16
NPYA355I6J82TF,4948977213350,online,Balapati Gunarto,M,1977,9F,Rusun Tambora - Pluit,berangkat,0,2023-04-04,1900-01-01 17:55:49,1900-01-01 19:27:02,Jembatan Dua-Rusun Tambora,A176,B002,01:31:13
CQJR111P9W31ZA,4326140619726764858,brizzi,Murti Kurniawan,M,2010,6T,Pasar Minggu - Velbak,arah balik,3500,2023-04-25,1900-01-01 05:29:09,1900-01-01 06:18:14,Simpang Tunda Bara TB Simatupang-Simpang Darmawangsa X,A177,B005,00:49:05
LYFV210Y2C00TA,567169910336,flazz,Aurora Waskita,M,2004,R1A,Pantai Maju - Kota,arah balik,3500,2023-04-10,1900-01-01 17:29:13,1900-01-01 19:16:04,Karang Asri 2-Simpang Pakin 3,A178,B006,01:46:51
WQCW936D6Z64TU,572846044996,flazz,Soleh Natsir,F,2000,JAK.18,Kalibata - Kuningan,arah balik,0,2023-04-19,1900-01-01 07:01:23,1900-01-01 07:54:33,Sbr. Jln. Tebet Utara III-Keselamatan,A179,B006,00:53:10
DERG357Z6P63IW,3.57E+20,dki,Oliva Saefullah,F,1987,12C,Rusun Waduk Pluit - Penjaringan,berangkat,0,2023-04-10,1900-01-01 17:25:15,1900-01-01 18:40:27,Gg. VIII Muara Baru-Rusun Waduk Pluit,A180,B001,01:15:12
NKKA679V6C71OO,4.68E+20,dki,Paramita Budiyanto,F,1997,8C,Kebayoran Lama - Tanah Abang,berangkat,3500,2023-04-05,1900-01-01 05:13:13,1900-01-01 05:36:07,Sbr. RSUD Tanah Abang-TPU Karet Bivak,A181,B001,00:22:54
DLWQ526J9W78BJ,4.68E+20,dki,Paramita Budiyanto,F,1997,8C,Kebayoran Lama - Tanah Abang,arah balik,3500,2023-04-21,1900-01-01 16:57:59,1900-01-01 18:52:07,Kesatrian Kowal Cut Nyak Dhien-Pospol Jati Bunder,A182,B001,01:54:08
YZKH968P2B98OA,6581936160714795,dki,Puti Siregar,M,1976,11P,Rusun Pondok Bambu - Walikota Jakarta Timur,arah balik,0,2023-04-25,1900-01-01 05:07:54,1900-01-01 06:05:56,Rusun Pondok Bambu-Masjid Jami Al Barkah 1,A183,B001,00:58:02
RYVE758Q2I97VI,213110868551409,emoney,dr. Lalita Budiyanto,M,2011,2P,Gondangdia - Senen,berangkat,3500,2023-04-13,1900-01-01 05:05:53,1900-01-01 06:57:36,Simpang Gunung Sahari III-RSPAD 1,A184,B003,01:51:43
PASL562I8H30DT,213174928876354,emoney,Rini Hutasoit,M,1987,12,Tanjung Priok - Pluit,arah balik,3500,2023-04-21,1900-01-01 07:14:37,1900-01-01 07:53:49,Kali Besar Barat-Pluit,A185,B003,00:39:12
UNMN121L0C53HN,213187760461390,emoney,Asirwada Marbun,M,1985,D32,Cinere - Bundaran Senayan,arah balik,20000,2023-04-06,1900-01-01 08:02:08,1900-01-01 09:39:55,Gelora Bung Karno 1-Bundaran Senayan 1,A186,B003,01:37:47
BAKW486P8K67OR,5134532253940704,dki,Suci Wacana,M,1985,12A,Pelabuhan Kaliadem - Kota,arah balik,3500,2023-04-14,1900-01-01 17:57:42,1900-01-01 19:09:39,Perumahan Buddha Tzu Chi 1-Muara Angke,A187,B001,01:11:57
PHMG631G6C11TB,4866015896366005266,brizzi,Mahesa Tampubolon,M,1972,1F,Stasiun Palmerah - Bundaran Senayan,berangkat,3500,2023-04-18,1900-01-01 17:24:02,1900-01-01 19:10:36,Senayan JCC Arah Barat-DPR MPR 2,A188,B005,01:46:34
WKEA910J2S57LR,4.24E+20,dki,"H. Yahya Handayani, S.I.Kom",F,1994,1E,Pondok Labu - Blok M,berangkat,3500,2023-04-27,1900-01-01 17:01:09,1900-01-01 18:57:34,Jln. Cilandak V-One Belpark 1,A189,B001,01:56:25
HBEZ412O3J48RE,4.68E+20,dki,Paramita Budiyanto,F,1997,8C,Kebayoran Lama - Tanah Abang,berangkat,3500,2023-04-07,1900-01-01 06:33:22,1900-01-01 07:27:19,Sbr. RSUD Tanah Abang-TPU Karet Bivak,A181,B001,00:53:57
RPFQ346J6U24VF,4112330548313,online,"Drs. Gilda Sinaga, S.Psi",M,1994,JAK.43C,Sarana Jaya - Tebet Eco Park (TEP) - Stasiun Cawang,arah balik,0,2023-04-12,1900-01-01 16:40:13,1900-01-01 18:01:46,Jln.Tebet Barat V-Tebet Eco Park Selatan 4,A167,B002,01:21:33
LPNM895K4L42QD,4928589848629,online,Dartono Natsir,M,2006,5C,PGC - Juanda,berangkat,3500,2023-04-21,1900-01-01 17:23:44,1900-01-01 18:53:14,Kramat Sentiong-Gelanggang Remaja,A190,B002,01:29:30
XLMB990B6W71CI,4432944384446280081,brizzi,Dt. Gandi Wacana,M,1981,6A,Ragunan - MH Thamrin via Kuningan,berangkat,3500,2023-04-14,1900-01-01 06:26:07,1900-01-01 07:44:41,Karet Kuningan-Warung Jati,A191,B005,01:18:34
FFHJ192J9C76DY,213198175349153,emoney,Dt. Cakrajiya Mardhiyah,F,1992,10A,Rusun Marunda - Tanjung Priok,arah balik,0,2023-04-10,1900-01-01 09:35:30,1900-01-01 11:14:23,Simpang Pitungan-Enggano,A192,B003,01:38:53
MELT142J0C91VX,60403675436,flazz,Dr. Taufan Jailani,F,1989,D11,Depok - BKN,arah balik,3500,2023-04-12,1900-01-01 18:21:09,1900-01-01 20:15:08,Sbr. Gg. Saminten-BKN,A152,B006,01:53:59
UAUH943Z6A09ZY,4726554349155,online,R.A. Betania Maulana,F,1975,JAK.27,Pulo Gebang - Rorotan,berangkat,0,2023-04-18,1900-01-01 18:56:20,1900-01-01 20:51:35,Sbr. Masjid At Taqwa Karang Tengah-Jln. Rorotan IX Gg. IV,A164,B002,01:55:15
ZBTO401J6U44FO,4992399872617,online,Cengkal Lestari,M,1970,JAK.25,Kp. Rambutan - Kalisari,berangkat,0,2023-04-17,1900-01-01 19:37:32,1900-01-01 21:26:46,Sbr. Jln. Damai Kalisari-Term. Kampung Rambutan,A193,B002,01:49:14
HHSP443Q3S91XG,180074978149455,emoney,"R.A. Vivi Utama, S.T.",M,1969,4B,Stasiun Manggarai - UI,arah balik,3500,2023-04-18,1900-01-01 20:53:38,1900-01-01 22:06:39,Poltek Bunda Kandung-St. Lenteng Agung 1,A57,B003,01:13:01
AQJJ214M1Y31EC,2720484776954605,dki,Bancar Irawan,M,1999,3B,Rusun Flamboyan - Cengkareng,berangkat,0,2023-04-20,1900-01-01 16:38:26,1900-01-01 18:08:36,Puskesmas Cengkareng-Perumahan KFT 1,A98,B001,01:30:10
QTHD847W2E83GX,3501420578252437,dki,Yessi Tamba,F,2007,1H,Tanah Abang - Stasiun Gondangdia,berangkat,3500,2023-04-05,1900-01-01 06:55:59,1900-01-01 08:44:56,SMKN 38-DPRD DKI Jakarta,A194,B001,01:48:57
OBHU016K7W96EZ,4071577362475,online,Jaeman Natsir,F,1991,11C,Rusun Pinus Elok - Rusun Pulo Gebang,arah balik,0,2023-04-17,1900-01-01 18:52:35,1900-01-01 20:18:59,Gg. Sawo 2-Pintu Masuk PIK 2,A195,B002,01:26:24
BZKC855W2D24RA,571979859337,flazz,Queen Tarihoran,M,1983,5,Matraman Baru - Ancol,berangkat,3500,2023-04-04,1900-01-01 08:31:01,1900-01-01 10:30:50,Budi Utomo-Pal Putih,A196,B006,01:59:49
NZDM762D1F03OU,4969284110642,online,"Hj. Ophelia Haryanti, S.Sos",M,2002,9E,Kebayoran Lama - Jelambar,berangkat,3500,2023-04-07,1900-01-01 05:03:40,1900-01-01 05:37:11,Apartemen Simprug Teras-Pasar Kebayoran Lama,A197,B002,00:33:31
WBJF493E4O97NF,2295833910329055,dki,Taufik Farida,F,1981,JAK.02,Kampung Melayu - Duren Sawit,berangkat,0,2023-04-05,1900-01-01 17:19:49,1900-01-01 18:30:07,Masjid Jami Attaubah 2-Term. Kampung Melayu,A198,B001,01:10:18
MQTA952J5M33QB,6011047676641058,dki,Sutan Kariman Situmorang,F,2012,2A,Pulo Gadung - Rawa Buaya via Balai Kota,berangkat,3500,2023-04-28,1900-01-01 21:54:12,1900-01-01 23:50:03,RS Islam-Cempaka Timur,A199,B001,01:55:51
DWCX862K0W28ZF,378459243668060,emoney,"Nurul Handayani, S.Ked",M,1995,S31,Bintaro - Fatmawati,berangkat,20000,2023-04-25,1900-01-01 07:29:02,1900-01-01 08:28:45,St. MRT Fatmawati-Jln. Kaimun Jaya,A200,B003,00:59:43
ZBTY804O2B11JD,213100930486734,emoney,Laras Mandala,F,1987,JAK.71,Kampung Rambutan - Pinang Ranti,berangkat,0,2023-04-15,1900-01-01 19:41:23,1900-01-01 19:57:44,Pondok Gede Raya-SMPN 263,A201,B003,00:16:21
NLST163N8U04MF,213121690546749,emoney,Pranata Wahyudin,F,2009,JAK.36,Cilangkap - Cililitan,arah balik,0,2023-04-13,1900-01-01 06:03:14,1900-01-01 06:54:20,Ps. Kramat Jati 2-Jln. Olahraga 1 Raya Bogor,A202,B003,00:51:06
BGIH664N7Y72YQ,4492109252403353,dki,Bakiman Mahendra,M,1983,JAK.24,Senen - Pulo Gadung via Kelapa Gading,arah balik,0,2023-04-25,1900-01-01 18:36:34,1900-01-01 19:35:45,Simpang Gunung Sahari III-Term. Senen,A31,B001,00:59:11
JREJ758W1F76QN,3540608831782736,dki,Jasmani Tamba,M,2002,6P,Cibubur - Kuningan,arah balik,20000,2023-04-19,1900-01-01 19:45:24,1900-01-01 21:25:26,Kuningan Timur 2-Kemenkes 1,A203,B001,01:40:02
ISES386R2S56TQ,4511533243601477,dki,Wawan Wacana,M,2009,JAK.72,Kampung Rambutan - Pasar Rebo via Poncol,arah balik,0,2023-04-18,1900-01-01 09:53:20,1900-01-01 10:27:14,Kel. Susukan-Simpang Raya Bogor Suci,A204,B001,00:33:54
BULX792K0F29PG,6011718928121822,dki,Ade Halimah,F,1993,1R,Senen - Tanah Abang,berangkat,3500,2023-04-13,1900-01-01 17:07:39,1900-01-01 18:54:38,Jln. Taman Jatibaru Timur-SMKN 38,A205,B001,01:46:59
HDTZ442L2B98DW,4744480387450088900,brizzi,Galur Riyanti,F,1980,JAK.44,Andara - Stasiun Universitas Pancasila,arah balik,0,2023-04-25,1900-01-01 06:00:11,1900-01-01 06:56:10,Jln. H. Terin Pangkalan Jati-Kav Polri Blok E Jagakarsa,A206,B005,00:55:59
ZJYP842L9V53JB,371171976930370,emoney,Gilang Susanti,F,2004,JAK.06,Kampung Rambutan - Pondok Gede,berangkat,0,2023-04-13,1900-01-01 06:53:08,1900-01-01 08:23:16,Griya Kukila Halim Perdanakusuma-Pondok Molek,A207,B003,01:30:08
CVED463C1O97CG,4326140619726764858,brizzi,Murti Kurniawan,M,2010,6T,Pasar Minggu - Velbak,berangkat,3500,2023-04-25,1900-01-01 17:57:06,1900-01-01 19:48:14,Sbr. Jln. Barito II-Sbr. Jln. Pangeran Antasari,A208,B005,01:51:08
ICMX877U9I58XJ,4798412351689028870,brizzi,Warsa Gunawan,F,1986,5B,Stasiun Tebet - BNN,berangkat,3500,2023-04-13,1900-01-01 16:38:41,1900-01-01 18:11:15,BNN LRT-St. Tebet 1,A103,B005,01:32:34
XZIA473H7T06HQ,3564356712043346,dki,"Mila Ardianto, S.Pt",M,1971,10H,Tanjung Priok - Blok M,arah balik,3500,2023-04-26,1900-01-01 06:45:42,1900-01-01 07:59:50,Masjid Agung-Kejaksaan Agung,A209,B001,01:14:08
VMLA849X8Q08MN,4511533243601477,dki,Wawan Wacana,M,2009,JAK.72,Kampung Rambutan - Pasar Rebo via Poncol,berangkat,0,2023-04-05,1900-01-01 20:37:57,1900-01-01 22:04:29,Sbr. Premier Terrace-Term. Kampung Rambutan,A210,B001,01:26:32
ZUWU498R1O45NV,213115245142137,emoney,Estiono Simbolon,F,1994,JAK.80,Rawa Buaya - Rawa Kompeni,arah balik,0,2023-04-07,1900-01-01 17:53:48,1900-01-01 19:22:06,Simpang Prepedan Benda Raya-MTsN 37,A211,B003,01:28:18
TEMP090L8Q76CN,4380875529452127,dki,Tirtayasa Sitorus,F,1988,JAK.06,Kampung Rambutan - Pondok Gede,arah balik,0,2023-04-21,1900-01-01 06:48:41,1900-01-01 07:48:39,Jln. Kramat Lubang Buaya-Pertigaan Cedang 1,A212,B001,00:59:58
SWLZ168A3N29CO,3.59E+20,dki,"Drs. Iriana Lazuardi, S.Pt",F,1981,JAK.32,Lebak Bulus - Petukangan,arah balik,0,2023-04-10,1900-01-01 16:53:09,1900-01-01 18:26:50,Mushola Nurul Huda Petukangan-Jln. Manunggal II Petukangan,A213,B001,01:33:41
RIBY922V1Y05CX,4366771817472539,dki,Sadina Kurniawan,F,1991,13B,Puri Beta - Pancoran Barat,arah balik,3500,2023-04-07,1900-01-01 09:14:13,1900-01-01 09:39:09,Puri Beta 2-Cipulir,A214,B001,00:24:56
OKEJ062K2T82QV,346754681244542,emoney,Maryadi Haryanto,M,1968,JAK.03,Lebak Bulus - Andara,berangkat,0,2023-04-11,1900-01-01 18:30:06,1900-01-01 20:17:52,Simpang Adiaksa-Jln. Adiaksa II,A11,B003,01:47:46
WOVY954S6I97SG,180067269047958,emoney,Jarwa Tampubolon,F,2005,1T,Cibubur - Balai Kota,arah balik,20000,2023-04-27,1900-01-01 09:19:21,1900-01-01 10:59:31,Benhil 3-St. Sudirman 2,A215,B003,01:40:10
MKFR287M2B90IX,3581468120171962,dki,Sutan Gandewa Napitupulu,F,2008,11,Pulo Gebang - Matraman,berangkat,3500,2023-04-16,1900-01-01 10:24:41,1900-01-01 10:45:56,Flyover Klender-Walikota Jakarta Timur,A216,B001,00:21:15
TIFK169I9R12VK,6539609181866141,dki,"R.A. Ani Mahendra, S.Gz",F,1996,13C,Puri Beta - Dukuh Atas,berangkat,3500,2023-04-19,1900-01-01 17:38:22,1900-01-01 18:29:10,Cipulir-JORR,A217,B001,00:50:48
ZBRW418J0T61EZ,2259163638164343,dki,Gambira Sihombing,F,1976,JAK.112,Terminal Tanah Merah - Pulo Gadung,arah balik,0,2023-04-26,1900-01-01 09:55:08,1900-01-01 11:04:06,Jln. Kelapa Nias IV-Sbr. SDN Pegangsaan Dua 07,A157,B001,01:08:58
LZCE887O8O42LD,2647723044055343,dki,Saadat Halimah,M,1986,JAK.74,Terminal Rawamangun - Cipinang Muara,berangkat,0,2023-04-21,1900-01-01 17:23:44,1900-01-01 19:02:00,St. Klender 2-SMKN 50,A218,B001,01:38:16
LHSK423D8I19VI,30453434239088,bni,Drs. Aurora Tarihoran,F,1983,JAK.52,Terminal Kalideres - Terminal Muara Angke,berangkat,0,2023-04-15,1900-01-01 12:12:33,1900-01-01 13:43:47,SMKN 42-Sbr. Ps. Cengkareng,A219,B004,01:31:14
AWAT295W2S94BM,30243692336233,bni,Prayogo Mandala,M,1988,2B,Harapan Indah - ASMI,berangkat,3500,2023-04-05,1900-01-01 21:32:22,1900-01-01 23:16:41,KPP Pratama Cakung 2-Sbr. Ps. Ujung Menteng,A25,B004,01:44:19
BQOT575Q3L91ZH,4693229754928686,dki,Laila Pratama,F,1986,S31,Bintaro - Fatmawati,arah balik,20000,2023-04-17,1900-01-01 17:51:03,1900-01-01 19:13:01,Bintaro Xchange-St. MRT Fatmawati,A220,B001,01:21:58
FGNE774W7E05QY,4880377652769980677,brizzi,Drs. Betania Wahyuni,M,2010,JAK.120,JIS - Terminal Muara Angke,arah balik,0,2023-04-10,1900-01-01 05:47:24,1900-01-01 06:18:43,Sbr. Waduk Pluit-SD Diakonia 2,A221,B005,00:31:19
KLYG863A6D07HK,213121265875226,emoney,Jarwi Yolanda,M,2003,M13,Puri Beta 2 - Tendean,berangkat,3500,2023-04-26,1900-01-01 21:04:17,1900-01-01 22:16:23,Seskoal-Cipulir,A222,B003,01:12:06
BMEV358D5B97GY,345391204076258,emoney,Kayla Samosir,M,2000,JAK.49,Lebak Bulus - Cipulir,arah balik,0,2023-04-21,1900-01-01 08:51:09,1900-01-01 09:26:11,Jln. Gambas Kodam Bintaro-Jln. Cempedak Pesanggrahan,A223,B003,00:35:02
PHNK804M4V54IU,4.40E+20,dki,Anom Yuliarti,M,1990,JAK.29,Tanjung Priok - Sukapura,berangkat,0,2023-04-24,1900-01-01 08:17:53,1900-01-01 09:29:55,SMK Tj. Priok 2-Taman Barito Sembar,A224,B001,01:12:02
TOXM518T0L41MS,5598626771361457,dki,Karsana Budiman,F,1985,3A,Rusun Pesakih - Kalideres,berangkat,0,2023-04-03,1900-01-01 19:58:43,1900-01-01 21:37:52,Kalideres 1-Pertamina Kalideres Daan Mogot,A225,B001,01:39:09
NYYJ455I2T13IC,560124338883,flazz,"Harjaya Lazuardi, S.E.",F,1973,JAK.07,Tanah Abang - Grogol via Tawakal,arah balik,0,2023-04-19,1900-01-01 17:27:23,1900-01-01 19:10:11,Taman Juang 2-Sbr. Masjid Jami Al Hidayah Tomang,A226,B006,01:42:48
XETL379J2Y99ZP,639099174703,flazz,Surya Wacana,F,1978,11D,Pulo Gebang - Pulo Gadung 2 via PIK,arah balik,3500,2023-04-12,1900-01-01 06:34:44,1900-01-01 07:14:12,Taman Elok 1-Raya Penggilingan,A227,B006,00:39:28
ZXXA920S0G71DQ,6.57E+20,dki,Jais Thamrin,F,1995,1M,Meruya - Blok M,arah balik,3500,2023-04-11,1900-01-01 08:04:10,1900-01-01 08:29:50,Jln. H. Rohimin Swadarma-Kartini Hospital 2,A228,B001,00:25:40
FNCB350C7S50YP,371381225222392,emoney,R. Purwadi Suryatmi,M,1998,JAK.24,Senen - Pulo Gadung via Kelapa Gading,arah balik,0,2023-04-16,1900-01-01 06:05:29,1900-01-01 07:08:05,Simpang Danau Indah Raya-Sbr. Jln. H. Tamin S,A229,B003,01:02:36
HDDB651E3F57XO,348989346338960,emoney,R. Pranawa Pranowo,F,2012,JAK.113,Rusun Sindang Koja - Kp. Sawah,berangkat,0,2023-04-22,1900-01-01 05:11:59,1900-01-01 05:52:47,Jln. A Lagoa-Masjid Al Mukarromah Jampea,A230,B003,00:40:48
UETX709I0P44VW,2516083110424925,dki,Salimah Nurdiyanti,M,1965,JAK.26,Rawamangun - Duren Sawit,berangkat,0,2023-04-14,1900-01-01 19:48:33,1900-01-01 20:42:14,Arion Mall-Duren Sawit,A231,B001,00:53:41
GAUL344E7K89AI,375103944933430,emoney,Panji Marbun,F,1986,JAK.30,Grogol - Meruya via Roxy,arah balik,0,2023-04-18,1900-01-01 20:28:19,1900-01-01 22:02:09,Ruko Meruya Ilir-Minagapura,A232,B003,01:33:50
MAHN891V9S46RP,36006226446453,bni,Tgk. Galang Firmansyah,F,1985,9A,PGC 2 - Grogol 2,berangkat,3500,2023-04-11,1900-01-01 06:42:07,1900-01-01 08:37:09,Gatot Subroto Jamsostek Arah Timur-Pancoran Barat Arah Timur,A233,B004,01:55:02
RLRT265F8Y47WY,3517828003370511,dki,"Lurhur Winarno, S.H.",F,2006,1A,Pantai Maju - Balai Kota,arah balik,3500,2023-04-10,1900-01-01 06:26:16,1900-01-01 08:19:28,Gedong Panjang-Kota,A234,B001,01:53:12
BDDR310I3R33FR,4656484264640462,dki,Raisa Maryadi,F,1990,6N,Ragunan - Blok M via Kemang,arah balik,3500,2023-04-24,1900-01-01 07:54:26,1900-01-01 08:20:29,Kemang Raya 40-Puskesmas Kebayoran Baru,A235,B001,00:26:03
RABU629A2Z50DN,4827442129358526,dki,"R.A. Oliva Yuliarti, M.Kom.",F,1992,4D,Pulo Gadung 2 - Kuningan,arah balik,3500,2023-04-14,1900-01-01 19:39:59,1900-01-01 20:54:12,Halimun-Kuningan Madya,A236,B001,01:14:13
OBDV487O4E43KF,502001656953,flazz,Jaka Zulaika,F,1996,M13,Puri Beta 2 - Tendean,berangkat,3500,2023-04-11,1900-01-01 17:49:06,1900-01-01 19:36:06,Adam Malik-Puri Beta 2,A237,B006,01:47:00
ITFR390K3C77TU,584795923666,flazz,"Tgk. Dasa Pangestu, S.E.I",F,1965,7E,Kampung Rambutan - Ragunan,berangkat,3500,2023-04-07,1900-01-01 17:02:43,1900-01-01 17:57:35,Jln. Muara 1-RS Jantung Binawaluya,A238,B006,00:54:52
YBAW584C4Z87ZO,3583284755921516,dki,"Tgk. Rika Riyanti, S.Sos",F,1993,JAK.77,Tanjung Priok - Jembatan Item,arah balik,0,2023-04-24,1900-01-01 08:40:23,1900-01-01 10:29:53,Jln. Dadap-Simpang Jln. Agung Permai 1,A239,B001,01:49:30
EPTQ484J6S06WC,4066577839605,online,Asmadi Agustina,F,1983,JAK.27,Pulo Gebang - Rorotan,arah balik,0,2023-04-27,1900-01-01 07:50:57,1900-01-01 09:34:16,Gempol Baru 2-Sbr. Komplek Sltp 200,A240,B002,01:43:19
TPIR589B5J24PZ,639067876230,flazz,"Rizki Firmansyah, M.Farm",M,1976,JAK.15,Bulak Turi - Tanjung Priok,arah balik,0,2023-04-10,1900-01-01 08:40:34,1900-01-01 09:35:48,Simpang Lagoa Ciampea-Term. Tj. Priok 1,A241,B006,00:55:14
AYSR142H5I59BA,639083950241,flazz,H. Hadi Susanti,F,1992,10B,Rusun Cipinang Besar Selatan - Penas Kalimalang,berangkat,0,2023-04-25,1900-01-01 19:11:44,1900-01-01 20:02:28,Penas Kalimalang 2-STMT Trisakti 1,A242,B006,00:50:44
AGVZ697C2C84XD,371134962154892,emoney,Rahmi Nurdiyanti,F,2001,5C,PGC - Juanda,berangkat,3500,2023-04-19,1900-01-01 17:32:49,1900-01-01 19:19:53,Pal Putih-BKN,A243,B003,01:47:04
JPGV610K1A67CE,571979859337,flazz,Queen Tarihoran,M,1983,5,Matraman Baru - Ancol,berangkat,3500,2023-04-11,1900-01-01 07:19:45,1900-01-01 08:17:09,Budi Utomo-Pal Putih,A196,B006,00:57:24
VHYA716D4O16VD,2.25E+20,dki,Tirta Siregar,F,1993,1T,Cibubur - Balai Kota,arah balik,20000,2023-04-06,1900-01-01 05:33:52,1900-01-01 06:09:49,Benhil 3-Grand Sahid,A244,B001,00:35:57
PSUA806P2O58BM,4767711653196,online,Uchita Hassanah,M,1985,5,Matraman Baru - Ancol,berangkat,3500,2023-04-26,1900-01-01 20:28:03,1900-01-01 21:21:32,Tegalan-Matraman Baru,A245,B002,00:53:29
JPOJ575R5V40TZ,4885331907664776,dki,Gandi Widodo,F,1997,6C,Stasiun Tebet - Karet via Patra Kuningan,arah balik,3500,2023-04-10,1900-01-01 06:59:44,1900-01-01 07:50:45,Kemenkes 2-Sampoerna Strategic,A246,B001,00:51:01
DBOD967E2F44DQ,4920568766034164,dki,Latif Putra,M,1976,JAK.58,Cilincing - Rorotan,berangkat,0,2023-04-06,1900-01-01 20:54:20,1900-01-01 22:44:25,Jln. Nanggala Dewa Kembar-Koja Trade Mall,A247,B001,01:50:05
TPFM748C4O10RB,4.39E+20,dki,Titi Prasetya,F,2002,1P,Senen - Blok M,berangkat,3500,2023-04-14,1900-01-01 17:21:05,1900-01-01 18:51:41,Bundaran Senayan 2-Grand Sahid,A248,B001,01:30:36
IRGD790T3P13KX,30297544751882,bni,Halima Pangestu,F,1993,2F,Rusun Cakung Barat - Pulo Gadung,arah balik,0,2023-04-13,1900-01-01 19:13:07,1900-01-01 20:58:43,Tipar Cakung-Rusun Cakung Barat Albo,A249,B004,01:45:36
XVFS516W9I95BV,3559703923069965,dki,Darman Salahudin,M,1983,11D,Pulo Gebang - Pulo Gadung 2 via PIK,arah balik,3500,2023-04-24,1900-01-01 20:40:20,1900-01-01 22:20:27,SDN Penggilingan-Tipar Cakung,A250,B001,01:40:07
SRYZ661H9I70WT,4805645458987501,dki,"Ir. Sakura Mayasari, M.M.",F,1986,10A,Rusun Marunda - Tanjung Priok,arah balik,0,2023-04-25,1900-01-01 06:52:10,1900-01-01 07:25:47,Rusun Marunda-Rusun Marunda 1,A251,B001,00:33:37
SDWU060X6S07UW,4040507993050813597,brizzi,Imam Pradana,F,1981,5M,Kampung Melayu - Tanah Abang via Cikini,arah balik,3500,2023-04-09,1900-01-01 14:21:53,1900-01-01 14:52:09,Perpustakaan Nasional-JPO Blok G,A252,B005,00:30:16
RHUU256X1Y92RH,5348700024599545,dki,Nilam Purnawati,F,1982,BW9,Monas - Pantai Indah Kapuk,arah balik,0,2023-04-10,1900-01-01 08:09:17,1900-01-01 09:15:58,IRTI-Food Street,A253,B001,01:06:41
MBSZ440C3R86OV,379645412081015,emoney,Maras Megantara,M,1994,JAK.113,Rusun Sindang Koja - Kp. Sawah,berangkat,0,2023-04-13,1900-01-01 11:12:27,1900-01-01 12:11:48,EKS Komplek Gaya Motor-Jln. Lorong 5,A254,B003,00:59:21
PAQB054F7O09HV,4547245090487583462,brizzi,Padmi Marpaung,F,1992,4E,Rusun Jatinegara Kaum - Pulo Gadung,berangkat,0,2023-04-03,1900-01-01 16:04:28,1900-01-01 17:21:09,Pulo Gadung-Jln. Swadaya Pln,A255,B005,01:16:41
ENAN537W3P56GH,589057391023,flazz,Vega Anggraini,F,1990,JAK.35,Pangkalan Jati - Rawamangun,berangkat,0,2023-04-21,1900-01-01 08:52:26,1900-01-01 10:14:07,SDN Jati 07-Komplek Wijaya Kusuma 1,A142,B006,01:21:41
AGMV387K4M82FE,347105556938180,emoney,Agnes Oktaviani,F,1993,T11,Poris Plawad - Bundaran Senayan,berangkat,3500,2023-04-17,1900-01-01 19:23:47,1900-01-01 21:06:14,Senayan JCC Arah Barat-Slipi Kemanggisan Arah Utara,A256,B003,01:42:27
TDCH651H4U58TI,3576239635494729,dki,Harsaya Natsir,F,1970,JAK.44,Andara - Stasiun Universitas Pancasila,arah balik,0,2023-04-26,1900-01-01 06:58:19,1900-01-01 07:52:46,Sbr. Sekolah Islam Al Azhar Jagakarsa-Gg. H. Ali,A257,B001,00:54:27
PGKQ390O3T04DX,3529040558177467,dki,Dr. Karen Halim,F,1987,5F,Kampung Melayu - Tanah Abang,berangkat,3500,2023-04-18,1900-01-01 20:03:30,1900-01-01 21:54:23,Casablanca-Telkom Tebet,A258,B001,01:50:53
AGSG294I8A22MU,30118628845442,bni,"Rahayu Farida, S.Kom",M,1980,JAK.110A,Rusun Marunda - Terminal Terpadu Pulo Gebang,berangkat,0,2023-04-15,1900-01-01 05:16:10,1900-01-01 06:19:28,SMKN 4-Jln. Rorotan V Gg. 1,A259,B004,01:03:18
LWNV782W4C75QC,6011030576594056,dki,Jamalia Permadi,F,1981,6C,Stasiun Tebet - Karet via Patra Kuningan,arah balik,3500,2023-04-14,1900-01-01 08:26:32,1900-01-01 09:14:57,UPT. LLHD 1-Karet Pedurenan 1,A260,B001,00:48:25
RTBN894Z7T89VF,60404498697,flazz,Sutan Imam Nasyidah,M,1989,JAK.11,Tanah Abang - Kebayoran Lama,berangkat,0,2023-04-26,1900-01-01 21:16:37,1900-01-01 23:13:15,Jln. Asshofa Raya-Sbr. Sekolah Bethel,A261,B006,01:56:38
ESUS052E4J08SF,676192275250,flazz,dr. Nova Mardhiyah,F,1971,8C,Kebayoran Lama - Tanah Abang,arah balik,3500,2023-04-25,1900-01-01 09:19:41,1900-01-01 10:52:46,Yayasan Muhammadiyah 2-Pospol Jati Bunder,A262,B006,01:33:05
TYPR243O6Z00UZ,4905734029265594,dki,Ega Andriani,F,1990,1P,Senen - Blok M,berangkat,3500,2023-04-11,1900-01-01 17:10:28,1900-01-01 18:58:40,Bank Indonesia 2-St. Gambir 2,A263,B001,01:48:12
YBQM786X1X19RZ,4097122165824,online,Dewi Mansur,M,1994,8K,Batusari - Grogol,arah balik,3500,2023-04-27,1900-01-01 17:46:21,1900-01-01 19:08:13,Komplek Kodam Jaya Kb. Jeruk-SMPN 127,A264,B002,01:21:52
CXTT204W4E56DF,3562084958981605,dki,Cakrawangsa Permadi,F,2010,JAK.45,Lebak Bulus - Ragunan,berangkat,0,2023-04-17,1900-01-01 06:14:19,1900-01-01 07:13:32,PLN Corporate University 2-Sbr. SMAN 66,A265,B001,00:59:13
TVAB556F5D78KC,180032476190454,emoney,"R.A. Farhunnisa Firmansyah, M.Pd",F,1996,6B,Ragunan - MH Thamrin via Semanggi,berangkat,3500,2023-04-11,1900-01-01 05:48:21,1900-01-01 06:21:18,Tosari-Jati Padang,A266,B003,00:32:57
SBOI321Y3A34WJ,3527853482331808,dki,Puti Paris Marpaung,M,2003,13B,Puri Beta - Pancoran Barat,arah balik,3500,2023-04-13,1900-01-01 17:44:15,1900-01-01 18:56:39,Rawa Barat-Pancoran Barat Arah Timur,A267,B001,01:12:24
IJWV537C0V40CK,347105556938180,emoney,Agnes Oktaviani,F,1993,T11,Poris Plawad - Bundaran Senayan,arah balik,3500,2023-04-03,1900-01-01 07:01:55,1900-01-01 08:18:29,Hotel Olive 1-Palem Semi 1,A268,B003,01:16:34
UQTE197T6F06HV,676274145736,flazz,Edi Lazuardi,M,1995,11B,Rusun Rawa Bebek - Penggilingan,arah balik,0,2023-04-27,1900-01-01 21:55:50,1900-01-01 23:07:24,Walikota Jakarta Timur 2-Penggilingan 1,A22,B006,01:11:34
TXNO063M6P06RI,4437250881603997453,brizzi,Mala Salahudin,F,1983,JAK.86,Term. Rawamangun - Term. Manggarai,arah balik,0,2023-04-25,1900-01-01 06:06:50,1900-01-01 06:29:45,Jln. Cipinang Timur Persahabatan-Flyover Jatinegara Atas,A170,B005,00:22:55
POLG318O8P43HD,676283044227,flazz,Keisha Handayani,M,1984,6P,Cibubur - Kuningan,berangkat,20000,2023-04-06,1900-01-01 07:51:50,1900-01-01 08:26:48,Tempo Scan-Rest Area TMII,A30,B006,00:34:58
KHDD346O8Q81YP,3563958892124142,dki,Hj. Humaira Saputra,F,2007,JAK.25,Kp. Rambutan - Kalisari,arah balik,0,2023-04-08,1900-01-01 17:38:39,1900-01-01 18:24:28,Sbr. Bumi Gotong Royong-Sbr. Gg. Saorma Kalisari,A269,B001,00:45:49
BREB630K3D06BU,180005977764266,emoney,Latif Dongoran,F,2001,11C,Rusun Pinus Elok - Rusun Pulo Gebang,berangkat,0,2023-04-23,1900-01-01 13:53:07,1900-01-01 15:30:54,Pintu Exit Term. Pulo Gebang-Perum Tpi 1,A270,B003,01:37:47
WQSH736R2K17ZP,4868766606269426510,brizzi,Paulin Nugroho,M,1984,JAK.39,Kalimalang - Duren Sawit,arah balik,0,2023-04-12,1900-01-01 05:23:28,1900-01-01 06:04:15,Jln. Swakarsa IV Pondok Kelapa-Klapa Village Pondok Kelapa,A271,B005,00:40:47
LMZA751Z0H70BP,6505428590869475,dki,dr. Janet Budiyanto,M,1965,4E,Rusun Jatinegara Kaum - Pulo Gadung,arah balik,0,2023-04-16,1900-01-01 07:18:42,1900-01-01 07:52:51,Pool Mayasari Bakti-Pool PPD Kec. Pulo Gadung,A272,B001,00:34:09
OEEI454S2I82UW,3517828003370511,dki,"Lurhur Winarno, S.H.",F,2006,1A,Pantai Maju - Balai Kota,berangkat,3500,2023-04-18,1900-01-01 21:50:23,1900-01-01 22:59:23,Gold Coast-Pantai Maju,A273,B001,01:09:00
PXFW604J9N82KP,340858239719917,emoney,"Yance Pratama, S.Kom",F,1994,6N,Ragunan - Blok M via Kemang,arah balik,3500,2023-04-06,1900-01-01 16:27:27,1900-01-01 17:55:58,Ampera 3-Jln. Kenanga,A274,B003,01:28:31
FVUN890X6W82YR,3585765705663958,dki,Ibun Kusumo,F,1967,9D,Pasar Minggu - Tanah Abang,arah balik,3500,2023-04-25,1900-01-01 06:23:00,1900-01-01 07:09:48,Balai Kartini-Nifarro Park,A275,B001,00:46:48
XSPZ140R9P22LU,2.26E+20,dki,"T. Parman Sinaga, S.H.",M,1992,JAK.32,Lebak Bulus - Petukangan,arah balik,0,2023-04-24,1900-01-01 17:35:30,1900-01-01 18:35:04,Ruko Pondok Pinang Centre-Simpang Sabar Raya 1,A276,B001,00:59:34